Simon,2000-01-01,DE
Lea,2000-01-01,DE
Nico,2000-01-01,DE
Marc,2000-01-01,DE
Freddi,2000-01-01,DE
Mueller,2000-01-01,DE
Herbert,2000-01-01,DE
Beate,2000-01-01,DE
Giselar,2000-01-01,DE
HuiBu,2000-01-01,DE
Drakula,2000-01-01,DE
Kim,2000-01-01,DE
Ella,2000-01-02,DE
Konstantin,2000-01-02,DE
Amy,2000-01-02,DE
Emely,2000-01-02,DE
Jonas,2000-01-02,DE
Finja,2000-01-02,DE
Elias,2000-01-02,DE
Amelie,2000-01-02,DE
Luise,2000-01-02,DE
David,2000-01-02,DE
Frieda,2000-01-02,DE
Oskar,2000-01-02,DE
Katharina,2000-01-02,DE
Philipp,2000-01-02,DE
Romy,2000-01-02,DE
Noah,2000-01-02,DE
Theresa,2000-01-02,DE
Luis,2000-01-02,DE
Eva,2000-01-02,DE
Julia,2000-01-02,DE
Anna,2000-01-02,DE
Felix,2000-01-02,DE
Carla,2000-01-02,DE
Paulina,2000-01-02,DE
Maximilian,2000-01-02,DE
Elisabeth,2000-01-02,DE
Rosa,2000-01-02,DE
Mia,2000-01-02,DE
Karl,2000-01-02,DE
Maya,2000-01-02,DE
Friedrich,2000-01-02,DE
Selma,2000-01-02,DE
Edda,2000-01-02,DE
Quirin,2000-01-02,DE
Flora,2000-01-02,DE
Liam,2000-01-02,DE
Berenike,2000-01-02,DE
Linus,2000-01-02,DE
Simone,2000-01-02,DE
Quentin,2000-01-02,DE
Elena,2000-01-02,DE
Meike,2000-01-02,DE
Johannes,2000-01-02,DE
Susanne,2000-01-02,DE
Alexander,2000-01-02,DE
Annika,2000-01-02,DE
Anton,2000-01-02,DE
Augusta,2000-01-02,DE
Aras,2000-01-02,DE
Alba,2000-01-02,DE
Asis,2000-01-02,DE
Wilma,2000-01-02,DE
Adrian,2000-01-02,DE
Annegret,2000-01-02,DE
Arthur,2000-01-02,DE
Aglaia,2000-01-02,DE
Adam,2000-01-02,DE
Aaliyah,2000-01-02,DE
Arian,2000-01-02,DE
Annabelle,2000-01-02,DE
Amos,2000-01-02,DE
Alma,2000-01-02,DE
Arik,2000-01-02,DE
Alicia,2000-01-02,DE
Ake,2000-01-02,DE
Anette,2000-01-02,DE
Altfried,2000-01-02,DE
Astrid,2000-01-02,DE
Ari,2000-01-02,DE
Anisha,2000-01-02,DE
Andreas,2000-01-02,DE
Antke,2000-01-02,DE
Allessandro,2000-01-02,DE
Abigail,2000-01-02,DE
Achim,2000-01-02,DE
Aideen,2000-01-02,DE
Ben,2000-01-02,DE
Aini,2000-01-02,DE
Bela,2000-01-02,DE
Aida,2000-01-02,DE
Baldur,2000-01-02,DE
Aamenah,2000-01-02,DE
Benedikt,2000-01-02,DE
Ariane,2000-01-02,DE
Beat,2000-01-02,DE
Adriana,2000-01-02,DE
Bernd,2000-01-02,DE
Alexandra,2000-01-02,DE
Bertram,2000-01-02,DE
Ava,2000-01-02,DE
Blue,2000-01-02,DE
Arielle,2000-01-02,DE
Badi,2000-01-02,DE
Allissa,2000-01-02,DE
Batiste,2000-01-02,DE
Aamu,2000-01-02,DE
Bastian,2000-01-02,DE
Arzu,2000-01-02,DE
Caleb,2000-01-02,DE
Anouk,2000-01-02,DE
Caspar,2000-01-02,DE
Andrea,2000-01-02,DE
Calvin,2000-01-02,DE
Bianca,2000-01-02,DE
Cadmus,2000-01-02,DE
Blanka,2000-01-02,DE
Christoph,2000-01-02,DE
Benita,2000-01-02,DE
Cedrik,2000-01-02,DE
Bettina,2000-01-02,DE
Camern,2000-01-02,DE
Bamika,2000-01-02,DE
Carsten,2000-01-02,DE
Bente,2000-01-02,DE
Cainan,2000-01-02,DE
Barbara,2000-01-02,DE
Cem,2000-01-02,DE
Berit,2000-01-02,DE
Carl,2000-01-02,DE
Bentje,2000-01-02,DE
Cyranus,2000-01-02,DE
Birte,2000-01-02,DE
Curt,2000-01-02,DE
Brigitte,2000-01-02,DE
Daniel,2000-01-02,DE
Christiane,2000-01-02,DE
Dominik,2000-01-02,DE
Charlotte,2000-01-02,DE
Darius,2000-01-02,DE
Catherina,2000-01-02,DE
Dario,2000-01-02,DE
Caroline,2000-01-02,DE
Dag,2000-01-02,DE
Caren,2000-01-02,DE
Diminic,2000-01-02,DE
Caecilia,2000-01-02,DE
Damian,2000-01-02,DE
Celine,2000-01-02,DE
Diego,2000-01-02,DE
Coco,2000-01-02,DE
Dieter,2000-01-02,DE
Chaya,2000-01-02,DE
Demian,2000-01-02,DE
Dalia,2000-01-02,DE
Dewis,2000-01-02,DE
Deenah,2000-01-02,DE
Dirk,2000-01-02,DE
Daphne,2000-01-02,DE
Donald,2000-01-02,DE
Delia,2000-01-02,DE
Enzo,2000-01-02,DE
Dari,2000-01-02,DE
Emil,2000-01-02,DE
Erik,2000-01-02,DE
Djamila,2000-01-02,DE
Edwin,2000-01-02,DE
Dominique,2000-01-02,DE
Eliah,2000-01-02,DE
Doerte,2000-01-02,DE
Ethan,2000-01-02,DE
Dorothee,2000-01-02,DE
Erwin,2000-01-02,DE
Emira,2000-01-02,DE
Eliot,2000-01-02,DE
Emily,2000-01-02,DE
Enes,2000-01-02,DE
Elif,2000-01-02,DE
Emilio,2000-01-02,DE
Ellen,2000-01-02,DE
Ebbo,2000-01-02,DE
Enna,2000-01-02,DE
Eberhard,2000-01-02,DE
Ebba,2000-01-02,DE
Edgar,2000-01-02,DE
Eleni,2000-01-02,DE
Fabrizius,2000-01-02,DE
Freya,2000-01-02,DE
Finn,2000-01-02,DE
Fabian,2000-01-02,DE
Franziska,2000-01-02,DE
Fabio,2000-01-02,DE
Luzia,2000-01-02,DE
Finjas,2000-01-02,DE
Fabienne,2000-01-02,DE
Franz,2000-01-02,DE
Fiona,2000-01-02,DE
Felina,2000-01-02,DE
Fatih,2000-01-02,DE
Felicitas,2000-01-02,DE
Fynn,2000-01-02,DE
Fabia,2000-01-02,DE
Flavio,2000-01-02,DE
Fabiola,2000-01-02,DE
Fady,2000-01-02,DE
Fabrizia,2000-01-02,DE
Fritz,2000-01-02,DE
Filomae,2000-01-02,DE
Falko,2000-01-02,DE
Floris,2000-01-02,DE
Gabriel,2000-01-02,DE
Fae,2000-01-02,DE
Gustav,2000-01-02,DE
Fanny,2000-01-02,DE
Guiseppe,2000-01-02,DE
Fritzi,2000-01-02,DE
Günter,2000-01-02,DE
Greta,2000-01-02,DE
Gerhard,2000-01-02,DE
Gabrielle,2000-01-02,DE
Georg,2000-01-02,DE
Grit,2000-01-02,DE
Gel,2000-01-02,DE
Gwen,2000-01-02,DE
Gerald,2000-01-02,DE
Gabi,2000-01-02,DE
Geoffrey,2000-01-02,DE
Gila,2000-01-02,DE
Gismund,2000-01-02,DE
Giorgina,2000-01-02,DE
Giulio,2000-01-02,DE
Gisele,2000-01-02,DE
Godo,2000-01-02,DE
Henri,2000-01-02,DE
Hanna,2000-01-02,DE
Hannes,2000-01-02,DE
Helena,2000-01-02,DE
Henry,2000-01-02,DE
Haima,2000-01-02,DE
Henrik,2000-01-02,DE
Heike,2000-01-02,DE
Hendrik,2000-01-02,DE
Helen,2000-01-02,DE
Heiko,2000-01-02,DE
Isabell,2000-01-02,DE
Haku,2000-01-02,DE
Ida,2000-01-02,DE
Hanno,2000-01-02,DE
Ilona,2000-01-02,DE
Hugo,2000-01-02,DE
Ingrid,2000-01-02,DE
Henryk,2000-01-02,DE
Iris,2000-01-02,DE
Hardy,2000-01-02,DE
Ira,2000-01-02,DE
Hagar,2000-01-02,DE
Iara,2000-01-02,DE
Hafiz,2000-01-02,DE
Ivette,2000-01-02,DE
Haile,2000-01-02,DE
Irma,2000-01-02,DE
Hakan,2000-01-02,DE
Jardis,2000-01-02,DE
Hasso,2000-01-02,DE
Juni,2000-01-02,DE
Harry,2000-01-02,DE
Juna,2000-01-02,DE
Hauke,2000-01-02,DE
Josephine,2000-01-02,DE
Harun,2000-01-02,DE
Jella,2000-01-02,DE
Hayo,2000-01-02,DE
Jill,2000-01-02,DE
Jennifer,2000-01-02,DE
Ian,2000-01-02,DE
Jakobine,2000-01-02,DE
Izzy,2000-01-02,DE
Jessika,2000-01-02,DE
Ibrahim,2000-01-02,DE
Julie,2000-01-02,DE
Igor,2000-01-02,DE
Jasmin,2000-01-02,DE
Jack,2000-01-02,DE
Joana,2000-01-02,DE
Jules,2000-01-02,DE
Jaqueline,2000-01-02,DE
Julian,2000-01-02,DE
Jonna,2000-01-02,DE
Jan,2000-01-02,DE
Jean,2000-01-02,DE
Jakob,2000-01-02,DE
Janis,2000-01-02,DE
Jaap,2000-01-02,DE
Jodi,2000-01-02,DE
Jonathan,2000-01-02,DE
Jen,2000-01-02,DE
Justyna,2000-01-02,DE
Jona,2000-01-02,DE
Jutta,2000-01-02,DE
Jannis,2000-01-02,DE
Kathleen,2000-01-02,DE
Joel,2000-01-02,DE
Kayra,2000-01-02,DE
Jonte,2000-01-02,DE
Klara,2000-01-02,DE
Jarin,2000-01-02,DE
Kiara,2000-01-02,DE
Kathrin,2000-01-02,DE
Jari,2000-01-02,DE
Catrin,2000-01-02,DE
Jannik,2000-01-02,DE
Kiki,2000-01-02,DE
Jukka,2000-01-02,DE
Judith,2000-01-02,DE
Samo,2000-01-02,DE
Celia,2000-01-02,DE
Jaakov,2000-01-02,DE
Kaaria,2000-01-02,DE
Jeremy,2000-01-02,DE
Kerstin,2000-01-02,DE
Jarne,2000-01-02,DE
Kim,2000-01-02,DE
Kilian,2000-01-02,DE
Kader,2000-01-02,DE
Kai,2000-01-02,DE
Kaisa,2000-01-02,DE
Kylan,2000-01-02,DE
Kristian,2000-01-02,DE
Livia,2000-01-02,DE
Kasper,2000-01-02,DE
Louisa,2000-01-02,DE
Kadmos,2000-01-02,DE
Lucy,2000-01-02,DE
Klaus,2000-01-02,DE
Lina,2000-01-02,DE
Kaarle,2000-01-02,DE
Lena,2000-01-02,DE
Kevin,2000-01-02,DE
Leonie,2000-01-02,DE
Kadir,2000-01-02,DE
Lea,2000-01-02,DE
Konrad,2000-01-02,DE
Leni,2000-01-02,DE
Lukas,2000-01-02,DE
Lotta,2000-01-02,DE
Leon,2000-01-02,DE
Laura,2000-01-02,DE
Leopold,2000-01-02,DE
Lara,2000-01-02,DE
Lia,2000-01-02,DE
Linas,2000-01-02,DE
Lisa,2000-01-02,DE
Roland,2000-01-02,DE
Luna,2000-01-02,DE
Leo,2000-01-02,DE
Linda,2000-01-02,DE
Lennard,2000-01-02,DE
Laureen,2000-01-02,DE
Luke,2000-01-02,DE
Liv,2000-01-02,DE
Lenny,2000-01-02,DE
Liz,2000-01-02,DE
Lasse,2000-01-02,DE
Mona,2000-01-02,DE
Lion,2000-01-02,DE
Mareen,2000-01-02,DE
Luca,2000-01-02,DE
Mathilda,2000-01-02,DE
Lutz,2000-01-02,DE
Marlene,2000-01-02,DE
Levi,2000-01-02,DE
Matthias,2000-01-02,DE
Mara,2000-01-02,DE
Moritz,2000-01-02,DE
Mina,2000-01-02,DE
Meteo,2000-01-02,DE
Magdalena,2000-01-02,DE
Mats,2000-01-02,DE
Miriam,2000-01-02,DE
Matthis,2000-01-02,DE
Marianne,2000-01-02,DE
Mattes,2000-01-02,DE
Martje,2000-01-02,DE
Milo,2000-01-02,DE
Maeve,2000-01-02,DE
Mika,2000-01-02,DE
Mae,2000-01-02,DE
Maxim,2000-01-02,DE
Nadja,2000-01-02,DE
Marlon,2000-01-02,DE
Nadine,2000-01-02,DE
Mark,2000-01-02,DE
Nele,2000-01-02,DE
Matti,2000-01-02,DE
Nora,2000-01-02,DE
Martin,2000-01-02,DE
Nina,2000-01-02,DE
Morris,2000-01-02,DE
Nada,2000-01-02,DE
Miran,2000-01-02,DE
Nadeshda,2000-01-02,DE
Miro,2000-01-02,DE
Nancy,2000-01-02,DE
Niklas,2000-01-02,DE
Nova,2000-01-02,DE
Nika,2000-01-02,DE
Niko,2000-01-02,DE
Nike,2000-01-02,DE
Nabil,2000-01-02,DE
Oda,2000-01-02,DE
Noel,2000-01-02,DE
Odilie,2000-01-02,DE
Nils,2000-01-02,DE
Okka,2000-01-02,DE
Nick,2000-01-02,DE
Olea,2000-01-02,DE
Neo,2000-01-02,DE
Odett,2000-01-02,DE
Nadeem,2000-01-02,DE
Olivia,2000-01-02,DE
Namo,2000-01-02,DE
Odilia,2000-01-02,DE
Nepomuk,2000-01-02,DE
Oana,2000-01-02,DE
Oscar,2000-01-02,DE
Pia,2000-01-02,DE
Ole,2000-01-02,DE
Paula,2000-01-02,DE
Oliver,2000-01-02,DE
Phlomena,2000-01-02,DE
Olivier,2000-01-02,DE
Paloma,2000-01-02,DE
Onur,2000-01-02,DE
Paris,2000-01-02,DE
Owen,2000-01-02,DE
Paola,2000-01-02,DE
Obbo,2000-01-02,DE
Poppy,2000-01-02,DE
Idil,2000-01-02,DE
Panja,2000-01-02,DE
Otto,2000-01-02,DE
Pardis,2000-01-02,DE
Oswald,2000-01-02,DE
Quirine,2000-01-02,DE
Paul,2000-01-02,DE
Quinta,2000-01-02,DE
Phil,2000-01-02,DE
Qara,2000-01-02,DE
Patrick,2000-01-02,DE
Ria,2000-01-02,DE
Paavo,2000-01-02,DE
Rita,2000-01-02,DE
Pamir,2000-01-02,DE
Raina,2000-01-02,DE
Pascal,2000-01-02,DE
Rabea,2000-01-02,DE
Peter,2000-01-02,DE
Radost,2000-01-02,DE
Quinn,2000-01-02,DE
Rabi,2000-01-02,DE
Quazim,2000-01-02,DE
Ronina,2000-01-02,DE
Kasimir,2000-01-02,DE
Rae,2000-01-02,DE
René,2000-01-02,DE
Radia,2000-01-02,DE
Riko,2000-01-02,DE
Svea,2000-01-02,DE
Robin,2000-01-02,DE
Smila,2000-01-02,DE
Raphael,2000-01-02,DE
Sofia,2000-01-02,DE
Rudi,2000-01-02,DE
Sonja,2000-01-02,DE
Remigius,2000-01-02,DE
Sophie,2000-01-02,DE
Richard,2000-01-02,DE
Stella,2000-01-02,DE
Radi,2000-01-02,DE
Rainer,2000-01-02,DE
Silvie,2000-01-02,DE
Rasmus,2000-01-02,DE
Silke,2000-01-02,DE
Ruben,2000-01-02,DE
Sila,2000-01-02,DE
Samuel,2000-01-02,DE
Siri,2000-01-02,DE
Stefan,2000-01-02,DE
Sarah,2000-01-02,DE
Sascha,2000-01-02,DE
Saara,2000-01-02,DE
Serkan,2000-01-02,DE
Svenja,2000-01-02,DE
Marco,2000-01-02,DE
Sabine,2000-01-02,DE
Manuel,2000-01-02,DE
Sandra,2000-01-02,DE
Tom,2000-01-02,DE
Tiffanie,2000-01-02,DE
Tim,2000-01-02,DE
Thea,2000-01-02,DE
Theo,2000-01-02,DE
Tilda,2000-01-02,DE
Theodor,2000-01-02,DE
Tardis,2000-01-02,DE
Thilo,2000-01-02,DE
Tamina,2000-01-02,DE
Till,2000-01-02,DE
Tamy,2000-01-02,DE
Timo,2000-01-02,DE
Trudi,2000-01-02,DE
Tino,2000-01-02,DE
Tea,2000-01-02,DE
Tiny,2000-01-02,DE
Tima,2000-01-02,DE
Taylor,2000-01-02,DE
Tabia,2000-01-02,DE
Titus,2000-01-02,DE
Tassja,2000-01-02,DE
Tristan,2000-01-02,DE
Tilla,2000-01-02,DE
Tizian,2000-01-02,DE
Tabita,2000-01-02,DE
Todd,2000-01-02,DE
Tahua,2000-01-02,DE
Thomas,2000-01-02,DE
Taavi,2000-01-02,DE
Ulrike,2000-01-02,DE
Tillmann,2000-01-02,DE
Ute,2000-01-02,DE
Uwe,2000-01-02,DE
Uda,2000-01-02,DE
Udo,2000-01-02,DE
Ulla,2000-01-02,DE
Ugor,2000-01-02,DE
Ulrika,2000-01-02,DE
Ulrich,2000-01-02,DE
Ulva,2000-01-02,DE
Uli,2000-01-02,DE
Ulvi,2000-01-02,DE
Ulas,2000-01-02,DE
Uma,2000-01-02,DE
Ulf,2000-01-02,DE
Violeta,2000-01-02,DE
Victoria,2000-01-02,DE
Vinzent,2000-01-02,DE
Vanessa,2000-01-02,DE
Valentine,2000-01-02,DE
Vitus,2000-01-02,DE
Valeska,2000-01-02,DE
Volker,2000-01-02,DE
Wandy,2000-01-02,DE
Valentin,2000-01-02,DE
Waris,2000-01-02,DE
Vidu,2000-01-02,DE
Walli,2000-01-02,DE
Valerio,2000-01-02,DE
Waltraud,2000-01-02,DE
Wilhelm,2000-01-02,DE
Wanda,2000-01-02,DE
William,2000-01-02,DE
Xenia,2000-01-02,DE
Will,2000-01-02,DE
Xani,2000-01-02,DE
Walter,2000-01-02,DE
Xanthe,2000-01-02,DE
Wanja,2000-01-02,DE
Yvonne,2000-01-02,DE
Wadi,2000-01-02,DE
Yu,2000-01-02,DE
Walid,2000-01-02,DE
Yla,2000-01-02,DE
Xaver,2000-01-02,DE
Zoe,2000-01-02,DE
Yannis,2000-01-02,DE
Zilla,2000-01-02,DE
Yannik,2000-01-02,DE
Zuri,2000-01-02,DE
Yoshi,2000-01-02,DE
Zamira,2000-01-02,DE
Yunus,2000-01-02,DE
